Bio,Location,Following Count,Followers Count,Website
"Providing Entertainment & Travel to Commercial Radio. Reaching 28.9M weekly listeners. Winners of The Arqiva National Sales Team of the Year 2010, 2011 & 2016","London, England",446,N/A,https://t.co/aJKvkwp2dG
message privately with WhatsApp,California,5,N/A,https://t.co/ku2ShnylHa
Customs Broker,"Florida, USA",124,N/A,N/A
A & A Freight | Warehousing | Customs Brokerage | Helping people ship across borders.,Worldwide,"3,813",N/A,http://t.co/laZo1M99c7
A commercial glass and glazing company serving the window industry in New England since 1954. #SafetyQualityService,"Malden, MA",88,N/A,https://t.co/UrYUiEDwWi
"A&B Kia is a Kia dealer in Benwood, WV. Stay connected to exceed expectations. Build strong relationships. Drive the best with us.","Benwood, West Virginia ",330,N/A,http://t.co/H1m1Bi9YHp
Login Required,Login Required,N/A,N/A,N/A
"From large format black & white prints to the most sophisticated of digital color printing jobs, A & B can get the job done right.","Bentonville, AR",123,N/A,http://t.co/zyISURRqvP
N/A,N/A,N/A,N/A,N/A
"A & C CHRISTOFI LTD is a fast growing professional services company based in Limassol, Cyprus. Our main Concern is your Business.",Cyprus,291,N/A,https://t.co/msJpvYtuAt
Used Clothing Distributor,Carteret,0,N/A,https://t.co/sIZNy1TeMH
N/A,N/A,N/A,N/A,N/A
N/A,N/A,N/A,N/A,N/A
"Create, manage and grow your business online with Wix. It’s more than just a website builder, it’s how your vision comes to life. For support: @WixHelp.",We're everywhere!,"3,685",N/A,https://t.co/vzQPGJokOE
"A & G Insurance prides itself on being your local, full service, Independent Insurance Agency.",Connecticut,255,N/A,http://t.co/qDF7dVozxt
